Date,CLOSE,TimeGPT-lo-50,TimeGPT-lo-80,TimeGPT-lo-90,TimeGPT-hi-50,TimeGPT-hi-80,TimeGPT-hi-90
2014-01-19,36.19,34.79,33.52,32.77,37.59,38.85,39.61
2014-01-26,36.1,34.7,33.44,32.69,37.51,38.77,39.52
2014-02-02,37.09,35.69,34.43,33.67,38.49,39.76,40.51
2014-02-09,36.66,35.26,34.0,33.25,38.07,39.33,40.08
2014-02-16,37.47,36.07,34.81,34.05,38.87,40.13,40.89
2014-02-23,37.78,36.38,35.12,34.36,39.18,40.44,41.2
2014-03-02,38.01,36.61,35.35,34.59,39.41,40.68,41.43
2014-03-09,38.0,36.6,35.34,34.58,39.4,40.67,41.42
2014-03-16,38.23,36.82,35.56,34.81,39.63,40.89,41.64
2014-03-23,40.73,39.33,38.06,37.31,42.13,43.39,44.15
2014-03-30,40.99,39.59,38.33,37.58,42.4,43.66,44.41
2014-04-06,40.14,38.73,37.47,36.72,41.54,42.8,43.55
2014-04-13,39.53,38.13,36.86,36.11,40.93,42.19,42.95
2014-04-20,40.31,38.91,37.64,36.89,41.71,42.97,43.73
2014-04-27,40.9,39.5,38.24,37.49,42.31,43.57,44.32
2014-05-04,40.07,38.67,37.4,36.65,41.47,42.73,43.49
2014-05-11,40.1,38.7,37.44,36.69,41.51,42.77,43.52
2014-05-18,39.99,38.58,37.32,36.57,41.39,42.65,43.4
2014-05-25,40.42,39.02,37.76,37.01,41.83,43.09,43.84
2014-06-01,41.2,39.8,38.53,37.78,42.6,43.86,44.62
2014-06-08,41.81,40.41,39.15,38.39,43.21,44.47,45.23
2014-06-15,41.77,40.36,39.1,38.35,43.17,44.43,45.18
2014-06-22,42.32,40.92,39.66,38.91,43.73,44.99,45.74
2014-06-29,42.31,40.91,39.65,38.89,43.71,44.97,45.73
2014-07-06,42.21,40.81,39.54,38.79,43.61,44.87,45.63
2014-07-13,42.32,40.92,39.65,38.9,43.72,44.98,45.74
2014-07-20,45.06,43.66,42.4,41.64,46.46,47.72,48.48
2014-07-27,44.49,43.08,41.82,41.07,45.89,47.15,47.9
2014-08-03,43.44,42.04,40.78,40.02,44.84,46.1,46.86
2014-08-10,43.5,42.1,40.84,40.08,44.9,46.16,46.92
2014-08-17,45.21,43.81,42.54,41.79,46.61,47.87,48.63
2014-08-24,45.52,44.12,42.86,42.1,46.92,48.18,48.94
2014-08-31,45.45,44.05,42.79,42.03,46.85,48.12,48.87
2014-09-07,46.45,45.05,43.78,43.03,47.85,49.11,49.87
2014-09-14,46.61,45.21,43.95,43.19,48.01,49.27,50.03
2014-09-21,47.48,46.08,44.81,44.06,48.88,50.14,50.9
2014-09-28,46.52,45.12,43.86,43.1,47.92,49.19,49.94
2014-10-05,46.25,44.85,43.59,42.83,47.65,48.91,49.67
2014-10-12,44.1,42.7,41.44,40.69,45.51,46.77,47.52
2014-10-19,43.85,42.44,41.18,40.43,45.25,46.51,47.27
2014-10-26,46.26,44.86,43.6,42.84,47.66,48.93,49.68
2014-11-02,47.46,46.06,44.8,44.05,48.87,50.13,50.88
2014-11-09,48.9,47.49,46.23,45.48,50.3,51.56,52.31
2014-11-16,49.82,48.41,47.15,46.4,51.22,52.48,53.23
2014-11-23,47.9,46.5,45.24,44.49,49.31,50.57,51.32
2014-11-30,48.48,47.08,45.82,45.07,49.89,51.15,51.9
2014-12-07,48.24,46.84,45.58,44.82,49.64,50.91,51.66
2014-12-14,47.02,45.62,44.36,43.61,48.43,49.69,50.44
2014-12-21,47.96,46.56,45.3,44.54,49.36,50.63,51.38
2014-12-28,47.67,46.27,45.01,44.25,49.07,50.34,51.09
2015-01-04,46.55,45.15,43.88,43.13,47.95,49.21,49.97
2015-01-11,47.04,45.63,44.37,43.62,48.44,49.7,50.45
2015-01-18,46.22,44.82,43.56,42.8,47.62,48.88,49.64
2015-01-25,46.98,45.58,44.32,43.56,48.38,49.64,50.4
2015-02-01,41.05,39.65,38.38,37.63,42.45,43.71,44.47
2015-02-08,42.49,41.09,39.82,39.07,43.89,45.15,45.91
2015-02-15,43.73,42.33,41.07,40.31,45.13,46.4,47.15
2015-02-22,43.97,42.57,41.31,40.55,45.37,46.64,47.39
2015-03-01,43.88,42.48,41.21,40.46,45.28,46.54,47.3
2015-03-08,42.59,41.19,39.93,39.17,43.99,45.26,46.01
2015-03-15,41.47,40.07,38.81,38.06,42.88,44.14,44.89
2015-03-22,42.8,41.4,40.14,39.38,44.2,45.46,46.22
2015-03-29,40.96,39.56,38.3,37.54,42.36,43.63,44.38
2015-04-05,41.29,39.89,38.63,37.87,42.69,43.95,44.71
2015-04-12,41.67,40.27,39.01,38.25,43.07,44.34,45.09
2015-04-19,42.36,40.96,39.7,38.94,43.76,45.02,45.78
2015-04-26,48.06,46.66,45.4,44.64,49.46,50.72,51.48
2015-05-03,48.53,47.13,45.87,45.11,49.93,51.2,51.95
2015-05-10,47.48,46.07,44.81,44.06,48.88,50.14,50.89
2015-05-17,48.09,46.69,45.43,44.67,49.49,50.75,51.51
2015-05-24,46.75,45.35,44.08,43.33,48.15,49.41,50.17
2015-05-31,47.03,45.62,44.36,43.61,48.43,49.69,50.44
2015-06-07,46.0,44.6,43.34,42.58,47.4,48.67,49.42
2015-06-14,45.61,44.21,42.94,42.19,47.01,48.27,49.03
2015-06-21,46.21,44.81,43.55,42.79,47.61,48.87,49.63
2015-06-28,44.7,43.3,42.04,41.28,46.1,47.36,48.12
2015-07-05,44.24,42.84,41.57,40.82,45.64,46.9,47.66
2015-07-12,45.19,43.78,42.52,41.77,46.59,47.85,48.6
2015-07-19,46.8,45.4,44.14,43.38,48.2,49.47,50.22
2015-07-26,45.65,44.25,42.99,42.23,47.05,48.31,49.07
2015-08-02,46.79,45.39,44.13,43.37,48.19,49.45,50.21
2015-08-09,47.16,45.76,44.5,43.74,48.56,49.83,50.58
2015-08-16,47.18,45.78,44.52,43.77,48.59,49.85,50.6
2015-08-23,42.19,40.79,39.53,38.77,43.59,44.85,45.61
2015-08-30,43.69,42.29,41.03,40.27,45.09,46.36,47.11
2015-09-06,43.2,41.79,40.53,39.78,44.6,45.86,46.61
2015-09-13,43.32,41.92,40.66,39.9,44.72,45.99,46.74
2015-09-20,43.87,42.47,41.21,40.45,45.27,46.54,47.29
2015-09-27,43.59,42.19,40.93,40.18,45.0,46.26,47.01
2015-10-04,46.25,44.85,43.59,42.83,47.65,48.91,49.67
2015-10-11,46.99,45.58,44.32,43.57,48.39,49.65,50.4
2015-10-18,47.58,46.18,44.92,44.17,48.99,50.25,51.0
2015-10-25,53.72,52.31,51.05,50.3,55.12,56.38,57.13
2015-11-01,53.28,51.88,50.62,49.86,54.68,55.94,56.7
2015-11-08,54.39,52.98,51.72,50.97,55.79,57.05,57.8
2015-11-15,53.45,52.05,50.79,50.03,54.85,56.11,56.87
2015-11-22,54.17,52.77,51.51,50.75,55.57,56.83,57.59
2015-11-29,54.1,52.69,51.43,50.68,55.5,56.76,57.51
2015-12-06,55.93,54.53,53.27,52.51,57.33,58.6,59.35
2015-12-13,54.63,53.23,51.97,51.21,56.03,57.3,58.05
2015-12-20,54.7,53.3,52.03,51.28,56.1,57.36,58.12
2015-12-27,55.88,54.48,53.22,52.47,57.29,58.55,59.3
2016-01-03,54.82,53.42,52.16,51.41,56.23,57.49,58.24
2016-01-10,52.25,50.85,49.59,48.83,53.65,54.92,55.67
2016-01-17,51.11,49.71,48.45,47.69,52.51,53.78,54.53
2016-01-24,51.89,50.48,49.22,48.47,53.29,54.55,55.3
2016-01-31,54.89,53.49,52.22,51.47,56.29,57.55,58.31
2016-02-07,49.61,48.21,46.95,46.19,51.01,52.28,53.03
2016-02-14,50.7,49.29,48.03,47.28,52.1,53.36,54.11
2016-02-21,52.45,51.05,49.79,49.03,53.85,55.12,55.87
2016-02-28,51.1,49.7,48.43,47.68,52.5,53.76,54.52
2016-03-06,51.57,50.17,48.91,48.16,52.98,54.24,54.99
2016-03-13,52.93,51.53,50.27,49.52,54.34,55.6,56.35
2016-03-20,53.84,52.44,51.18,50.42,55.24,56.51,57.26
2016-03-27,53.72,52.32,51.05,50.3,55.12,56.38,57.14
2016-04-03,55.48,54.07,52.81,52.06,56.88,58.14,58.89
2016-04-10,54.5,53.09,51.83,51.08,55.9,57.16,57.91
2016-04-17,56.14,54.74,53.47,52.72,57.54,58.8,59.56
2016-04-24,52.2,50.8,49.53,48.78,53.6,54.86,55.62
2016-05-01,50.32,48.92,47.66,46.91,51.73,52.99,53.74
2016-05-08,50.09,48.69,47.43,46.67,51.49,52.75,53.51
2016-05-15,51.49,50.09,48.83,48.07,52.89,54.16,54.91
2016-05-22,50.3,48.89,47.63,46.88,51.7,52.96,53.71
2016-05-29,52.6,51.2,49.94,49.18,54.0,55.26,56.02
2016-06-05,52.24,50.84,49.58,48.82,53.64,54.9,55.66
2016-06-12,50.89,49.49,48.23,47.48,52.3,53.56,54.31
2016-06-19,50.24,48.84,47.57,46.82,51.64,52.9,53.66
2016-06-26,49.05,47.65,46.39,45.63,50.45,51.71,52.47
2016-07-03,51.23,49.83,48.57,47.81,52.63,53.89,54.65
2016-07-10,52.62,51.22,49.95,49.2,54.02,55.28,56.04
2016-07-17,53.85,52.45,51.19,50.43,55.25,56.52,57.27
2016-07-24,56.78,55.38,54.12,53.37,58.19,59.45,60.2
2016-07-31,56.72,55.32,54.06,53.3,58.12,59.38,60.14
2016-08-07,58.03,56.63,55.37,54.61,59.43,60.69,61.45
2016-08-14,58.04,56.64,55.38,54.62,59.44,60.71,61.46
2016-08-21,57.5,56.1,54.84,54.08,58.9,60.16,60.92
2016-08-28,58.2,56.8,55.54,54.78,59.6,60.86,61.62
2016-09-04,57.85,56.45,55.19,54.44,59.26,60.52,61.27
2016-09-11,56.84,55.44,54.18,53.42,58.24,59.5,60.26
2016-09-18,57.15,55.75,54.49,53.73,58.55,59.81,60.57
2016-09-25,57.15,55.75,54.49,53.74,58.56,59.82,60.57
2016-10-02,57.48,56.07,54.81,54.06,58.88,60.14,60.89
2016-10-09,57.94,56.54,55.28,54.52,59.34,60.6,61.36
2016-10-16,57.23,55.83,54.57,53.82,58.64,59.9,60.65
2016-10-23,60.52,59.12,57.86,57.1,61.92,63.18,63.94
2016-10-30,59.96,58.55,57.29,56.54,61.36,62.62,63.37
2016-11-06,59.85,58.44,57.18,56.43,61.25,62.51,63.26
2016-11-13,58.41,57.01,55.74,54.99,59.81,61.07,61.83
2016-11-20,60.61,59.2,57.94,57.19,62.01,63.27,64.02
2016-11-27,60.55,59.15,57.88,57.13,61.95,63.21,63.97
2016-12-04,59.91,58.51,57.25,56.49,61.31,62.58,63.33
2016-12-11,62.14,60.73,59.47,58.72,63.54,64.8,65.55
2016-12-18,63.05,61.65,60.39,59.63,64.45,65.72,66.47
2016-12-25,63.38,61.98,60.72,59.96,64.78,66.04,66.8
2017-01-01,62.63,61.23,59.97,59.22,64.04,65.3,66.05
2017-01-08,62.82,61.42,60.16,59.4,64.22,65.48,66.24
2017-01-15,62.64,61.23,59.97,59.22,64.04,65.3,66.05
2017-01-22,62.82,61.41,60.15,59.4,64.22,65.48,66.23
2017-01-29,65.36,63.96,62.7,61.94,66.76,68.02,68.78
2017-02-05,63.66,62.26,61.0,60.25,65.07,66.33,67.08
2017-02-12,64.48,63.08,61.82,61.06,65.88,67.15,67.9
2017-02-19,64.51,63.11,61.85,61.09,65.91,67.18,67.93
2017-02-26,64.33,62.93,61.67,60.91,65.73,67.0,67.75
2017-03-05,64.28,62.88,61.62,60.86,65.68,66.94,67.7
2017-03-12,64.95,63.54,62.28,61.53,66.35,67.61,68.36
2017-03-19,64.93,63.53,62.27,61.51,66.33,67.59,68.35
2017-03-26,64.97,63.57,62.31,61.56,66.38,67.64,68.39
2017-04-02,65.71,64.31,63.05,62.3,67.12,68.38,69.13
2017-04-09,65.63,64.23,62.97,62.22,67.04,68.3,69.05
2017-04-16,65.34,63.94,62.68,61.92,66.74,68.0,68.76
2017-04-23,67.26,65.85,64.59,63.84,68.66,69.92,70.67
2017-04-30,68.96,67.56,66.3,65.54,70.36,71.62,72.38
2017-05-07,69.0,67.6,66.34,65.58,70.4,71.66,72.42
2017-05-14,68.6,67.2,65.93,65.18,70.0,71.26,72.02
2017-05-21,67.96,66.56,65.3,64.54,69.36,70.63,71.38
2017-05-28,70.28,68.88,67.62,66.86,71.68,72.94,73.7
2017-06-04,71.93,70.53,69.26,68.51,73.33,74.59,75.35
2017-06-11,70.06,68.65,67.39,66.64,71.46,72.72,73.47
2017-06-18,70.66,69.26,68.0,67.25,72.07,73.33,74.08
2017-06-25,70.77,69.37,68.11,67.35,72.17,73.43,74.19
2017-07-02,68.35,66.95,65.69,64.93,69.75,71.01,71.77
2017-07-09,69.89,68.49,67.23,66.48,71.3,72.56,73.31
2017-07-16,73.11,71.71,70.45,69.7,74.52,75.78,76.53
2017-07-23,73.58,72.17,70.91,70.16,74.98,76.24,76.99
2017-07-30,73.03,71.63,70.37,69.61,74.43,75.69,76.45
2017-08-06,72.68,71.28,70.02,69.26,74.08,75.34,76.1
2017-08-13,73.16,71.76,70.5,69.74,74.56,75.82,76.58
2017-08-20,72.33,70.93,69.67,68.92,73.74,75.0,75.75
2017-08-27,72.73,71.32,70.06,69.31,74.13,75.39,76.14
2017-09-03,73.68,72.28,71.02,70.26,75.08,76.35,77.1
2017-09-10,74.63,73.23,71.97,71.21,76.03,77.29,78.05
2017-09-17,75.21,73.81,72.55,71.8,76.62,77.88,78.63
2017-09-24,73.73,72.33,71.07,70.31,75.13,76.4,77.15
2017-10-01,74.63,73.23,71.96,71.21,76.03,77.29,78.05
2017-10-08,76.38,74.98,73.72,72.97,77.79,79.05,79.8
2017-10-15,77.43,76.03,74.77,74.01,78.83,80.09,80.85
2017-10-22,78.75,77.34,76.08,75.33,80.15,81.41,82.16
2017-10-29,84.06,82.66,81.4,80.64,85.46,86.72,87.48
2017-11-05,84.49,83.09,81.83,81.07,85.89,87.16,87.91
2017-11-12,84.39,82.99,81.73,80.97,85.79,87.06,87.81
2017-11-19,82.56,81.16,79.9,79.14,83.96,85.22,85.98
2017-11-26,83.14,81.74,80.48,79.72,84.54,85.8,86.56
2017-12-03,82.32,80.92,79.65,78.9,83.72,84.98,85.74
2017-12-10,84.74,83.34,82.08,81.32,86.14,87.4,88.16
2017-12-17,86.96,85.56,84.3,83.54,88.36,89.62,90.38
2017-12-24,85.35,83.95,82.69,81.93,86.75,88.01,88.77
2017-12-31,85.33,83.93,82.67,81.92,86.74,88.0,88.75
2018-01-07,88.96,87.56,86.3,85.55,90.37,91.63,92.38
2018-01-14,89.4,88.0,86.73,85.98,90.8,92.06,92.82
2018-01-21,91.3,89.9,88.64,87.88,92.7,93.97,94.72
2018-01-28,93.13,91.73,90.46,89.71,94.53,95.79,96.55
2018-02-04,88.98,87.58,86.32,85.56,90.38,91.64,92.4
2018-02-11,88.03,86.63,85.37,84.61,89.43,90.69,91.45
2018-02-18,92.4,91.0,89.74,88.99,93.81,95.07,95.82
2018-02-25,94.74,93.34,92.08,91.32,96.14,97.41,98.16
2018-03-04,93.3,91.9,90.64,89.88,94.7,95.96,96.72
2018-03-11,96.37,94.97,93.71,92.95,97.77,99.03,99.79
2018-03-18,93.28,91.88,90.62,89.86,94.68,95.94,96.7
2018-03-25,91.41,90.01,88.75,87.99,92.81,94.08,94.83
2018-04-01,89.21,87.81,86.55,85.79,90.61,91.88,92.63
2018-04-08,90.73,89.33,88.07,87.31,92.13,93.39,94.15
2018-04-15,93.57,92.17,90.9,90.15,94.97,96.23,96.99
2018-04-22,95.16,93.76,92.5,91.75,96.57,97.83,98.58
2018-04-29,94.09,92.69,91.43,90.67,95.49,96.75,97.51
2018-05-06,95.66,94.25,92.99,92.24,97.06,98.32,99.07
2018-05-13,98.18,96.78,95.51,94.76,99.58,100.84,101.6
2018-05-20,97.18,95.78,94.52,93.77,98.59,99.85,100.6
2018-05-27,97.31,95.91,94.65,93.89,98.71,99.98,100.73
2018-06-03,102.07,100.67,99.41,98.65,103.47,104.73,105.49
2018-06-10,101.59,100.19,98.93,98.17,102.99,104.25,105.01
2018-06-17,99.69,98.29,97.03,96.27,101.09,102.35,103.11
2018-06-24,99.06,97.65,96.39,95.64,100.46,101.72,102.47
2018-07-01,99.37,97.97,96.71,95.95,100.77,102.03,102.79
2018-07-08,101.3,99.89,98.63,97.88,102.7,103.96,104.71
2018-07-15,105.09,103.68,102.42,101.67,106.49,107.75,108.5
2018-07-22,106.58,105.18,103.92,103.16,107.98,109.24,110.0
2018-07-29,106.15,104.74,103.48,102.73,107.55,108.81,109.56
2018-08-05,107.34,105.94,104.68,103.93,108.75,110.01,110.76
2018-08-12,108.24,106.84,105.58,104.82,109.64,110.9,111.66
2018-08-19,107.12,105.72,104.46,103.71,108.53,109.79,110.54
2018-08-26,109.24,107.84,106.57,105.82,110.64,111.9,112.66
2018-09-02,111.92,110.52,109.26,108.51,113.33,114.59,115.34
2018-09-09,108.33,106.93,105.67,104.91,109.73,110.99,111.75
2018-09-16,112.68,111.27,110.01,109.26,114.08,115.34,116.09
2018-09-23,113.92,112.51,111.25,110.5,115.32,116.58,117.34
2018-09-30,114.85,113.45,112.19,111.44,116.26,117.52,118.27
2018-10-07,111.29,109.89,108.63,107.87,112.69,113.95,114.71
2018-10-14,108.11,106.71,105.45,104.69,109.51,110.77,111.53
2018-10-21,108.7,107.3,106.04,105.28,110.1,111.36,112.12
2018-10-28,104.71,103.31,102.05,101.29,106.11,107.37,108.13
2018-11-04,106.71,105.31,104.05,103.3,108.12,109.38,110.13
2018-11-11,107.44,106.04,104.78,104.02,108.84,110.1,110.86
2018-11-18,105.64,104.24,102.97,102.22,107.04,108.3,109.06
2018-11-25,104.72,103.32,102.06,101.3,106.12,107.38,108.14
2018-12-02,111.74,110.34,109.08,108.32,113.14,114.41,115.16
2018-12-09,106.27,104.86,103.6,102.85,107.67,108.93,109.68
2018-12-16,103.93,102.52,101.26,100.51,105.33,106.59,107.34
2018-12-23,94.94,93.54,92.28,91.52,96.34,97.6,98.36
2018-12-30,100.78,99.38,98.12,97.36,102.18,103.44,104.2
2019-01-06,101.68,100.28,99.02,98.26,103.08,104.34,105.1
2019-01-13,102.22,100.82,99.56,98.81,103.63,104.89,105.64
2019-01-20,106.69,105.29,104.02,103.27,108.09,109.35,110.11
2019-01-27,105.91,104.51,103.24,102.49,107.31,108.57,109.33
2019-02-03,105.06,103.66,102.4,101.64,106.46,107.72,108.48
2019-02-10,105.76,104.36,103.1,102.34,107.16,108.43,109.18
2019-02-17,107.92,106.52,105.26,104.51,109.33,110.59,111.34
2019-02-24,111.94,110.54,109.28,108.52,113.34,114.61,115.36
2019-03-03,112.87,111.47,110.21,109.45,114.27,115.53,116.29
2019-03-10,111.93,110.53,109.27,108.52,113.34,114.6,115.35
2019-03-17,116.91,115.51,114.25,113.49,118.31,119.58,120.33
2019-03-24,117.45,116.05,114.79,114.04,118.86,120.12,120.87
2019-03-31,118.75,117.35,116.09,115.34,120.16,121.42,122.17
2019-04-07,120.32,118.91,117.65,116.9,121.72,122.98,123.73
2019-04-14,120.54,119.14,117.88,117.12,121.94,123.21,123.96
2019-04-21,124.29,122.89,121.63,120.87,125.69,126.95,127.71
2019-04-28,130.32,128.92,127.65,126.9,131.72,132.98,133.74
2019-05-05,128.15,126.75,125.48,124.73,129.55,130.81,131.57
2019-05-12,124.99,123.59,122.33,121.57,126.39,127.65,128.41
2019-05-19,127.33,125.92,124.66,123.91,128.73,129.99,130.74
2019-05-26,126.07,124.66,123.4,122.65,127.47,128.73,129.48
2019-06-02,120.84,119.44,118.18,117.42,122.24,123.5,124.26
2019-06-09,132.22,130.82,129.55,128.8,133.62,134.88,135.64
2019-06-16,132.7,131.3,130.04,129.29,134.11,135.37,136.12
2019-06-23,137.48,136.08,134.82,134.06,138.88,140.15,140.9
2019-06-30,135.15,133.75,132.49,131.73,136.55,137.82,138.57
2019-07-07,136.51,135.11,133.85,133.1,137.92,139.18,139.93
2019-07-14,139.69,138.28,137.02,136.27,141.09,142.35,143.1
2019-07-21,138.17,136.77,135.51,134.76,139.58,140.84,141.59
2019-07-28,140.42,139.02,137.76,137.0,141.82,143.08,143.84
2019-08-04,134.02,132.61,131.35,130.6,135.42,136.68,137.43
2019-08-11,135.99,134.58,133.32,132.57,137.39,138.65,139.4
2019-08-18,137.6,136.2,134.94,134.19,139.01,140.27,141.02
2019-08-25,135.1,133.7,132.44,131.68,136.5,137.76,138.52
2019-09-01,137.62,136.22,134.96,134.21,139.03,140.29,141.04
2019-09-08,138.45,137.05,135.79,135.04,139.86,141.12,141.87
2019-09-15,136.17,134.77,133.51,132.75,137.57,138.83,139.59
2019-09-22,139.94,138.54,137.28,136.52,141.34,142.61,143.36
2019-09-29,139.07,137.67,136.41,135.65,140.47,141.73,142.49
2019-10-06,137.63,136.23,134.97,134.21,139.03,140.29,141.05
2019-10-13,140.36,138.96,137.7,136.94,141.76,143.02,143.78
2019-10-20,138.02,136.62,135.36,134.6,139.42,140.68,141.44
2019-10-27,143.66,142.26,141.0,140.25,145.07,146.33,147.08
2019-11-03,144.16,142.76,141.5,140.74,145.56,146.82,147.58
2019-11-10,146.53,145.13,143.87,143.11,147.93,149.19,149.95
2019-11-17,149.19,147.79,146.53,145.77,150.59,151.85,152.61
2019-11-24,149.41,148.01,146.75,145.99,150.81,152.07,152.83
2019-12-01,152.25,150.85,149.59,148.83,153.65,154.92,155.67
2019-12-08,152.54,151.13,149.87,149.12,153.94,155.2,155.95
2019-12-15,154.35,152.95,151.69,150.94,155.76,157.02,157.77
2019-12-22,158.11,156.7,155.44,154.69,159.51,160.77,161.52
2019-12-29,158.17,156.77,155.5,154.75,159.57,160.83,161.59
2020-01-05,158.97,157.57,156.31,155.55,160.37,161.63,162.39
2020-01-12,162.0,160.6,159.33,158.58,163.4,164.66,165.42
2020-01-19,166.73,165.33,164.07,163.31,168.13,169.39,170.15
2020-01-26,164.3,162.9,161.63,160.88,165.7,166.96,167.72
2020-02-02,173.15,171.75,170.49,169.73,174.55,175.82,176.57
2020-02-09,187.25,185.84,184.58,183.83,188.65,189.91,190.66
2020-02-16,186.7,185.3,184.04,183.28,188.1,189.36,190.12
2020-02-23,173.9,172.5,171.24,170.48,175.3,176.56,177.32
2020-03-01,168.04,166.64,165.38,164.62,169.44,170.7,171.46
2020-03-08,155.87,154.47,153.21,152.45,157.27,158.54,159.29
2020-03-15,144.01,142.61,141.35,140.6,145.42,146.68,147.43
2020-03-22,136.45,135.05,133.79,133.03,137.86,139.12,139.87
2020-03-29,155.86,154.46,153.2,152.44,157.26,158.53,159.28
2020-04-05,160.83,159.43,158.16,157.41,162.23,163.49,164.25
2020-04-12,164.54,163.14,161.88,161.12,165.94,167.2,167.96
2020-04-19,178.15,176.75,175.49,174.73,179.55,180.81,181.57
2020-04-26,173.92,172.52,171.26,170.5,175.32,176.58,177.34
2020-05-03,176.81,175.41,174.15,173.4,178.22,179.48,180.23
2020-05-10,185.8,184.39,183.13,182.38,187.2,188.46,189.21
2020-05-17,184.38,182.98,181.72,180.96,185.78,187.04,187.8
2020-05-24,182.87,181.47,180.21,179.45,184.27,185.53,186.29
2020-05-31,182.17,180.77,179.5,178.75,183.57,184.83,185.59
2020-06-07,188.34,186.94,185.67,184.92,189.74,191.0,191.76
2020-06-14,189.27,187.87,186.61,185.85,190.67,191.94,192.69
2020-06-21,197.59,196.19,194.93,194.17,198.99,200.26,201.01
2020-06-28,197.67,196.27,195.01,194.25,199.07,200.33,201.09
2020-07-05,209.74,208.34,207.08,206.32,211.14,212.4,213.16
2020-07-12,210.38,208.97,207.71,206.96,211.78,213.04,213.79
2020-07-19,206.67,205.27,204.01,203.25,208.07,209.34,210.09
2020-07-26,202.62,201.22,199.96,199.21,204.03,205.29,206.04
2020-08-02,212.37,210.97,209.71,208.96,213.78,215.04,215.79
2020-08-09,210.78,209.37,208.11,207.36,212.18,213.44,214.19
2020-08-16,209.94,208.54,207.28,206.52,211.34,212.61,213.36
2020-08-23,214.01,212.61,211.35,210.59,215.41,216.67,217.43
2020-08-30,226.34,224.94,223.67,222.92,227.74,229.0,229.76
2020-09-06,207.41,206.01,204.75,204.0,208.82,210.08,210.83
2020-09-13,204.53,203.12,201.86,201.11,205.93,207.19,207.94
2020-09-20,202.38,200.98,199.72,198.97,203.79,205.05,205.8
2020-09-27,208.95,207.55,206.29,205.53,210.35,211.61,212.37
2020-10-04,209.04,207.64,206.38,205.63,210.45,211.71,212.46
2020-10-11,218.73,217.33,216.07,215.31,220.13,221.39,222.15
2020-10-18,216.7,215.3,214.04,213.28,218.1,219.37,220.12
2020-10-25,212.21,210.81,209.55,208.79,213.61,214.88,215.63
2020-11-01,202.25,200.85,199.59,198.83,203.65,204.92,205.67
2020-11-08,219.84,218.43,217.17,216.42,221.24,222.5,223.25
2020-11-15,215.94,214.54,213.28,212.52,217.34,218.6,219.36
2020-11-22,211.39,209.98,208.72,207.97,212.79,214.05,214.8
2020-11-29,213.6,212.2,210.94,210.18,215.0,216.26,217.02
2020-12-06,213.86,212.46,211.2,210.44,215.26,216.53,217.28
2020-12-13,213.95,212.55,211.29,210.54,215.36,216.62,217.37
2020-12-20,221.31,219.91,218.65,217.9,222.72,223.98,224.73
2020-12-27,224.83,223.43,222.17,221.41,226.23,227.49,228.25
2021-01-03,218.56,217.15,215.89,215.14,219.96,221.22,221.97
2021-01-10,218.62,217.22,215.96,215.2,220.02,221.28,222.04
2021-01-17,214.45,213.04,211.78,211.03,215.85,217.11,217.86
2021-01-24,228.54,227.14,225.88,225.12,229.94,231.2,231.96
2021-01-31,236.89,235.49,234.22,233.47,238.29,239.55,240.31
2021-02-07,242.3,240.9,239.63,238.88,243.7,244.96,245.72
2021-02-14,244.56,243.16,241.9,241.14,245.96,247.23,247.98
2021-02-21,238.07,236.67,235.41,234.65,239.47,240.74,241.49
2021-02-28,235.57,234.17,232.91,232.15,236.97,238.23,238.99
2021-03-07,229.28,227.88,226.61,225.86,230.68,231.94,232.7
2021-03-14,235.38,233.98,232.72,231.97,236.79,238.05,238.8
2021-03-21,233.87,232.47,231.21,230.46,235.28,236.54,237.29
2021-03-28,236.05,234.65,233.39,232.63,237.45,238.72,239.47
2021-04-04,246.97,245.57,244.3,243.55,248.37,249.63,250.39
2021-04-11,256.64,255.24,253.98,253.22,258.04,259.3,260.06
2021-04-18,259.9,258.5,257.24,256.48,261.3,262.56,263.32
2021-04-25,261.45,260.05,258.79,258.03,262.85,264.11,264.87
2021-05-02,252.96,251.55,250.29,249.54,254.36,255.62,256.37
2021-05-09,249.74,248.33,247.07,246.32,251.14,252.4,253.15
2021-05-16,245.9,244.5,243.24,242.49,247.31,248.57,249.32
2021-05-23,249.28,247.88,246.62,245.86,250.68,251.94,252.7
2021-05-30,249.32,247.92,246.66,245.91,250.73,251.99,252.74
2021-06-06,252.2,250.79,249.53,248.78,253.6,254.86,255.61
2021-06-13,258.41,257.01,255.75,255.0,259.82,261.08,261.83
2021-06-20,261.88,260.48,259.22,258.46,263.28,264.55,265.3
2021-06-27,268.22,266.82,265.56,264.8,269.62,270.88,271.64
2021-07-04,277.47,276.07,274.81,274.05,278.87,280.13,280.89
2021-07-11,278.74,277.34,276.07,275.32,280.14,281.4,282.16
2021-07-18,278.71,277.31,276.05,275.3,280.12,281.38,282.13
2021-07-25,290.58,289.18,287.92,287.17,291.99,293.25,294.0
2021-08-01,285.97,284.57,283.31,282.55,287.37,288.64,289.39
2021-08-08,289.47,288.07,286.81,286.06,290.88,292.14,292.89
2021-08-15,293.33,291.93,290.67,289.91,294.73,295.99,296.75
2021-08-22,304.33,302.93,301.67,300.92,305.74,307.0,307.75
2021-08-29,301.48,300.07,298.81,298.06,302.88,304.14,304.89
2021-09-05,301.92,300.52,299.26,298.5,303.32,304.59,305.34
2021-09-12,295.48,294.08,292.81,292.06,296.88,298.14,298.9
2021-09-19,297.36,295.96,294.7,293.94,298.76,300.02,300.78
2021-09-26,296.4,295.0,293.73,292.98,297.8,299.06,299.82
2021-10-03,284.49,283.09,281.82,281.07,285.89,287.15,287.91
2021-10-10,294.45,293.05,291.78,291.03,295.85,297.11,297.87
2021-10-17,303.83,302.43,301.17,300.41,305.23,306.49,307.25
2021-10-24,307.96,306.56,305.3,304.54,309.36,310.62,311.38
2021-10-31,329.11,327.71,326.45,325.7,330.52,331.78,332.53
2021-11-07,341.46,340.05,338.79,338.04,342.86,344.12,344.87
2021-11-14,341.49,340.09,338.83,338.07,342.89,344.15,344.91
2021-11-21,347.46,346.05,344.79,344.04,348.86,350.12,350.87
2021-11-28,334.98,333.57,332.31,331.56,336.38,337.64,338.39
2021-12-05,324.99,323.59,322.33,321.58,326.4,327.66,328.41
2021-12-12,347.41,346.01,344.75,343.99,348.81,350.08,350.83
2021-12-19,324.09,322.69,321.43,320.67,325.49,326.76,327.51
2021-12-26,343.84,342.43,341.17,340.42,345.24,346.5,347.25
2022-01-02,338.77,337.37,336.11,335.35,340.17,341.44,342.19
2022-01-09,314.33,312.93,311.67,310.92,315.74,317.0,317.75
2022-01-16,304.06,302.66,301.39,300.64,305.46,306.72,307.48
2022-01-23,292.19,290.79,289.53,288.77,293.59,294.85,295.61
2022-01-30,306.62,305.22,303.96,303.2,308.02,309.28,310.04
2022-02-06,300.2,298.8,297.54,296.78,301.6,302.86,303.62
2022-02-13,294.67,293.27,292.01,291.25,296.07,297.33,298.09
2022-02-20,286.64,285.24,283.98,283.22,288.04,289.31,290.06
2022-02-27,294.92,293.52,292.26,291.51,296.33,297.59,298.34
2022-03-06,280.78,279.38,278.12,277.37,282.19,283.45,284.2
2022-03-13,275.85,274.45,273.18,272.43,277.25,278.51,279.27
2022-03-20,296.85,295.45,294.19,293.43,298.25,299.51,300.27
2022-03-27,305.13,303.73,302.47,301.71,306.53,307.79,308.55
2022-04-03,309.39,307.98,306.72,305.97,310.79,312.05,312.8
2022-04-10,286.79,285.38,284.12,283.37,288.19,289.45,290.2
2022-04-17,277.23,275.83,274.57,273.81,278.63,279.89,280.65
2022-04-24,275.71,274.3,273.04,272.29,277.11,278.37,279.12
2022-05-01,278.23,276.83,275.57,274.81,279.63,280.89,281.65
2022-05-08,265.97,264.57,263.3,262.55,267.37,268.63,269.39
2022-05-15,258.15,256.75,255.49,254.73,259.55,260.82,261.57
2022-05-22,253.38,251.97,250.71,249.96,254.78,256.04,256.79
2022-05-29,268.67,267.27,266.0,265.25,270.07,271.33,272.09
2022-06-05,266.83,265.43,264.17,263.41,268.23,269.49,270.25
2022-06-12,243.06,241.66,240.4,239.64,244.46,245.72,246.48
2022-06-19,247.17,245.77,244.51,243.75,248.57,249.83,250.59
2022-06-26,262.45,261.05,259.79,259.03,263.85,265.12,265.87
2022-07-03,256.39,254.99,253.73,252.97,257.79,259.05,259.81
2022-07-10,262.24,260.84,259.58,258.82,263.64,264.91,265.66
2022-07-17,252.18,250.78,249.51,248.76,253.58,254.84,255.6
2022-07-24,255.93,254.53,253.27,252.51,257.33,258.59,259.35
2022-07-31,275.45,274.05,272.79,272.03,276.85,278.11,278.87
2022-08-07,278.0,276.6,275.33,274.58,279.4,280.66,281.42
2022-08-14,289.81,288.41,287.15,286.39,291.21,292.48,293.23
2022-08-21,278.15,276.75,275.49,274.73,279.55,280.81,281.57
2022-08-28,263.9,262.5,261.24,260.48,265.3,266.56,267.32
2022-09-04,253.18,251.78,250.52,249.76,254.58,255.84,256.6
2022-09-11,263.59,262.19,260.93,260.17,264.99,266.26,267.01
2022-09-18,241.67,240.27,239.01,238.25,243.07,244.33,245.09
2022-09-25,236.14,234.74,233.47,232.72,237.54,238.8,239.56
2022-10-02,235.36,233.96,232.7,231.94,236.76,238.02,238.78
2022-10-09,229.06,227.66,226.4,225.64,230.46,231.72,232.48
2022-10-16,232.56,231.16,229.9,229.14,233.96,235.23,235.98
2022-10-23,242.2,240.8,239.53,238.78,243.6,244.86,245.62
2022-10-30,230.43,229.03,227.77,227.02,231.84,233.1,233.85
2022-11-06,221.68,220.28,219.02,218.26,223.08,224.34,225.1
2022-11-13,238.08,236.68,235.42,234.67,239.49,240.75,241.5
2022-11-20,236.41,235.01,233.75,232.99,237.81,239.07,239.83
2022-11-27,241.8,240.4,239.14,238.38,243.2,244.46,245.22
2022-12-04,249.2,247.8,246.54,245.78,250.6,251.87,252.62
2022-12-11,245.82,244.42,243.16,242.4,247.22,248.48,249.24
2022-12-18,239.11,237.71,236.44,235.69,240.51,241.77,242.53
2022-12-25,233.96,232.56,231.3,230.54,235.36,236.62,237.38
2023-01-01,236.13,234.73,233.47,232.71,237.53,238.79,239.55
2023-01-08,226.53,225.13,223.86,223.11,227.93,229.19,229.95
2023-01-15,239.94,238.54,237.28,236.52,241.34,242.61,243.36
2023-01-22,242.68,241.28,240.02,239.27,244.09,245.35,246.1
2023-01-29,245.34,243.94,242.68,241.92,246.74,248.0,248.76
2023-02-05,258.51,257.11,255.85,255.09,259.91,261.17,261.93
2023-02-12,267.39,265.99,264.73,263.97,268.79,270.05,270.81
2023-02-19,255.3,253.9,252.64,251.88,256.7,257.96,258.72
2023-02-26,250.96,249.56,248.3,247.55,252.37,253.63,254.38
2023-03-05,257.82,256.41,255.15,254.4,259.22,260.48,261.23
2023-03-12,250.84,249.44,248.18,247.42,252.24,253.51,254.26
2023-03-19,276.19,274.79,273.52,272.77,277.59,278.85,279.61
2023-03-26,278.25,276.85,275.59,274.83,279.65,280.91,281.67
2023-04-02,288.24,286.84,285.57,284.82,289.64,290.9,291.66
2023-04-09,289.34,287.93,286.67,285.92,290.74,292.0,292.75
2023-04-16,289.02,287.62,286.36,285.6,290.42,291.68,292.44
2023-04-23,282.9,281.5,280.24,279.48,284.3,285.56,286.32
2023-04-30,306.64,305.23,303.97,303.22,308.04,309.3,310.05
2023-05-07,308.06,306.66,305.39,304.64,309.46,310.72,311.48
2023-05-14,308.14,306.74,305.48,304.72,309.54,310.81,311.56
2023-05-21,319.64,318.24,316.97,316.22,321.04,322.3,323.06
2023-05-28,327.52,326.12,324.86,324.1,328.92,330.18,330.94
2023-06-04,340.17,338.77,337.51,336.75,341.57,342.83,343.59
2023-06-11,331.51,330.11,328.85,328.1,332.92,334.18,334.93
2023-06-18,346.19,344.79,343.52,342.77,347.59,348.85,349.61
2023-06-25,331.86,330.46,329.2,328.44,333.26,334.52,335.28
2023-07-02,349.52,348.12,346.86,346.1,350.92,352.18,352.94
2023-07-09,335.39,333.99,332.72,331.97,336.79,338.05,338.81
2023-07-16,355.53,354.13,352.87,352.11,356.93,358.19,358.95
2023-07-23,354.86,353.46,352.2,351.45,356.27,357.53,358.28
2023-07-30,353.12,351.72,350.46,349.7,354.52,355.78,356.54
2023-08-06,329.25,327.85,326.58,325.83,330.65,331.91,332.67
2023-08-13,325.03,323.63,322.37,321.61,326.43,327.69,328.45
2023-08-20,320.8,319.4,318.14,317.38,322.2,323.46,324.22
2023-08-27,322.94,321.54,320.28,319.53,324.35,325.61,326.36
2023-09-03,337.58,336.18,334.92,334.17,338.99,340.25,341.0
2023-09-10,339.79,338.39,337.13,336.37,341.19,342.45,343.21
2023-09-17,329.34,327.93,326.67,325.92,330.74,332.0,332.75
2023-09-24,322.6,321.2,319.94,319.18,324.0,325.26,326.02
2023-10-01,322.53,321.13,319.87,319.11,323.93,325.19,325.95
2023-10-08,328.7,327.29,326.03,325.28,330.1,331.36,332.11
2023-10-15,328.12,326.72,325.46,324.7,329.52,330.78,331.54
2023-10-22,329.13,327.73,326.47,325.71,330.53,331.8,332.55
2023-10-29,335.87,334.47,333.21,332.45,337.28,338.54,339.29
2023-11-05,353.79,352.39,351.13,350.37,355.19,356.45,357.21
2023-11-12,360.13,358.73,357.47,356.71,361.53,362.8,363.55
2023-11-19,364.66,363.26,362.0,361.24,366.06,367.33,368.08
2023-11-26,364.86,363.45,362.19,361.44,366.26,367.52,368.27
2023-12-03,364.02,362.62,361.35,360.6,365.42,366.68,367.44
2023-12-10,364.29,362.89,361.63,360.88,365.7,366.96,367.71
2023-12-17,364.88,363.48,362.22,361.46,366.28,367.54,368.3
2023-12-24,365.26,363.86,362.59,361.84,366.66,367.92,368.68
2023-12-31,365.33,363.93,362.67,361.91,366.73,368.0,368.75
2024-01-07,369.83,368.54,364.54,351.64,371.12,375.12,388.02
2024-01-14,370.56,367.19,364.42,362.58,373.93,376.7,378.53
2024-01-21,369.49,364.88,362.39,359.38,374.09,376.58,379.59
2024-01-28,366.04,364.11,351.18,349.98,367.98,380.91,382.11
2024-02-04,366.55,364.03,347.57,337.36,369.07,385.52,395.73
2024-02-11,368.51,363.68,344.03,340.31,373.33,392.98,396.71
2024-02-18,367.33,359.7,351.56,348.2,374.96,383.1,386.46
2024-02-25,366.53,359.59,354.06,344.01,373.46,379.0,389.05
2024-03-03,364.88,358.41,349.53,339.62,371.34,380.22,390.13
2024-03-10,366.71,358.53,349.2,320.52,374.89,384.22,412.89
2024-03-17,368.02,358.79,335.66,334.1,377.24,400.37,401.93
2024-03-24,369.01,362.24,345.03,333.41,375.77,392.99,404.6
2024-03-31,368.28,362.55,348.06,326.53,374.0,388.49,410.02
2024-04-07,367.54,359.64,323.2,319.57,375.45,411.88,415.52
2024-04-14,366.1,355.22,316.65,316.43,376.97,415.54,415.76
2024-04-21,367.28,357.13,322.15,316.86,377.43,412.41,417.71
2024-04-28,367.59,356.52,326.73,315.98,378.66,408.46,419.2
2024-05-05,368.66,355.69,330.41,304.59,381.63,406.91,432.73
2024-05-12,368.61,355.87,334.34,299.25,381.35,402.89,437.97
2024-05-19,368.87,355.61,332.5,296.9,382.13,405.24,440.83
2024-05-26,368.59,354.51,334.0,308.5,382.66,403.17,428.67
