Date,HIGH,CLOSE,LOW,OPEN,COUNT,VOLUME,daily_sentiment_score,S&P 500,Dow Jones,NASDAQ 100,Nikkei 225,FTSE 100,DAX 30
2023-03-16,276.56,276.2,263.28,265.2,689137.0,54832140.0,0.1,3960.28,32246.55,12581.39,27010.61,7410.0,14967.1
2023-03-17,283.33,279.43,276.32,278.26,695574.0,69527371.0,0.1,3916.64,31861.98,12519.88,27333.79,7335.4,14768.2
2023-03-18,281.38,277.03,274.16,277.83,665140.0,60840463.67,0.1,3928.28,31989.51,12534.12,27204.42,7358.23,14823.26
2023-03-19,279.43,274.63,272.01,277.41,634706.0,52153556.33,0.11,3939.93,32117.05,12548.37,27075.04,7381.07,14878.32
2023-03-20,277.48,272.23,269.85,276.98,604272.0,43466649.0,0.11,3951.57,32244.58,12562.61,26945.67,7403.9,14933.38
2023-03-21,275.0,273.78,269.52,274.88,425458.0,34558704.0,0.11,4002.87,32560.6,12741.44,27206.14,7536.2,15195.34
2023-03-22,281.04,272.29,272.18,273.4,486920.0,34873330.0,0.01,3936.97,32030.11,12567.15,27466.61,7566.8,15216.19
2023-03-23,281.06,277.66,275.2,277.94,447986.0,36610879.0,0.08,3948.72,32105.25,12729.23,27419.61,7499.6,15210.39
2023-03-24,280.63,280.57,275.28,277.24,391637.0,28199962.0,-0.14,3970.99,32237.53,12767.05,27385.25,7405.5,14957.23
2023-03-25,280.91,279.17,275.36,278.33,373421.67,27746712.0,-0.01,3973.17,32302.38,12735.72,27415.79,7427.6,15014.05
2023-03-26,281.18,277.78,275.44,279.41,355206.33,27293462.0,0.12,3975.35,32367.23,12704.4,27446.33,7449.7,15070.86
2023-03-27,281.46,276.38,275.52,280.5,336991.0,26840212.0,0.25,3977.53,32432.08,12673.07,27476.87,7471.8,15127.68
2023-03-28,276.14,275.23,272.05,275.79,288361.0,21878647.0,0.12,3971.27,32394.25,12610.57,27518.25,7484.3,15142.02
2023-03-29,281.14,280.51,278.41,278.96,312671.0,25087032.0,-0.01,4027.81,32717.6,12846.03,27883.78,7564.3,15328.78
2023-03-30,284.46,284.05,281.48,284.23,338299.0,25053410.0,0.02,4050.83,32859.03,12963.14,27782.93,7620.4,15522.4
2023-03-31,289.27,288.3,283.0,283.73,398970.0,32765976.0,0.05,4109.31,33274.15,13181.35,28041.48,7631.7,15628.84
2023-04-01,288.94,287.94,283.32,284.66,383030.0,30138431.33,0.08,4114.38,33383.15,13170.35,28090.37,7645.47,15612.87
2023-04-02,288.6,287.59,283.63,285.59,367090.0,27510886.67,0.11,4119.44,33492.15,13159.35,28139.26,7659.23,15596.89
2023-04-03,288.27,287.23,283.95,286.52,351150.0,24883342.0,0.14,4124.51,33601.15,13148.35,28188.15,7673.0,15580.92
2023-04-04,290.45,287.18,285.67,287.23,351664.0,25824299.0,0.06,4100.6,33402.38,13100.08,28287.42,7634.5,15603.47
2023-04-05,287.15,284.34,282.92,285.85,315075.0,22064770.0,0.08,4090.38,33482.72,12967.2,27813.26,7662.9,15520.17
2023-04-06,292.08,291.6,282.03,283.21,391332.0,29770334.0,0.1,4105.02,33485.29,13062.6,27472.63,7741.6,15597.89
2023-04-07,291.46,291.05,282.7,284.71,373684.0,28103499.0,0.07,4106.04,33510.6,13059.76,27512.89,7750.42,15609.34
2023-04-08,290.84,290.5,283.37,286.21,356036.0,26436664.0,0.05,4107.07,33535.9,13056.92,27553.14,7759.24,15620.8
2023-04-09,290.22,289.94,284.04,287.71,338388.0,24769829.0,0.02,4108.09,33561.21,13054.07,27593.4,7768.06,15632.26
2023-04-10,289.6,289.39,284.71,289.21,320740.0,23102994.0,-0.01,4109.11,33586.52,13051.23,27633.66,7776.88,15643.71
2023-04-11,285.98,282.83,281.64,285.75,397670.0,27276589.0,-0.04,4108.94,33684.79,12964.15,27923.37,7785.7,15655.17
2023-04-12,287.01,283.49,281.96,284.79,392792.0,27403432.0,0.41,4091.95,33646.5,12848.35,28082.7,7824.8,15703.6
2023-04-13,289.9,289.84,283.17,283.59,319819.0,24222678.0,0.44,4146.22,34029.69,13109.39,28156.97,7843.4,15729.46
2023-04-14,288.48,286.14,283.69,287.0,325337.0,20987917.0,0.47,4137.64,33886.47,13079.52,28493.47,7871.9,15807.5
2023-04-15,289.52,287.03,284.51,287.98,325980.67,21937352.33,0.39,4142.2,33920.04,13082.25,28500.57,7874.43,15801.51
2023-04-16,290.56,287.91,285.34,288.95,326624.33,22886787.67,0.3,4146.76,33953.61,13084.98,28507.68,7876.97,15795.52
2023-04-17,291.6,288.8,286.16,289.93,327268.0,23836223.0,0.22,4151.32,33987.18,13087.71,28514.78,7879.5,15789.53
2023-04-18,291.76,288.37,287.01,291.57,283385.0,20161845.0,0.18,4154.87,33976.63,13091.79,28658.83,7909.4,15882.67
2023-04-19,289.05,288.45,284.54,285.99,280116.0,17150271.0,0.01,4154.52,33897.01,13088.71,28606.76,7898.8,15895.2
2023-04-20,289.03,286.11,285.08,285.25,307055.0,23244363.0,-0.17,4129.79,33786.62,12985.98,28657.57,7902.6,15795.97
2023-04-21,286.27,285.76,283.06,285.01,312673.0,21676387.0,-0.09,4133.52,33808.96,13000.77,28564.37,7914.1,15881.66
2023-04-22,285.83,284.43,281.61,284.04,348676.33,23321262.67,-0.02,4134.69,33831.11,12990.43,28574.09,7913.47,15875.76
2023-04-23,285.39,283.1,280.17,283.06,384679.67,24966138.33,0.06,4135.87,33853.25,12980.1,28583.8,7912.83,15869.85
2023-04-24,284.95,281.77,278.72,282.09,420683.0,26611014.0,0.13,4137.04,33875.4,12969.76,28593.52,7912.2,15863.95
2023-04-25,281.6,275.42,275.37,279.51,616118.0,45772236.0,0.21,4071.63,33530.83,12725.11,28620.07,7891.1,15872.13
2023-04-26,299.57,295.37,292.73,296.7,870314.0,64599182.0,0.28,4055.99,33301.87,12806.48,28416.47,7852.6,15795.73
2023-04-27,305.2,304.83,295.25,295.97,650724.0,46462638.0,0.21,4135.35,33826.16,13160.03,28457.68,7831.6,15800.45
2023-04-28,308.93,307.26,303.31,304.01,496688.0,36469613.0,0.13,4169.48,34098.16,13245.99,28856.44,7870.6,15922.38
2023-04-29,308.82,306.69,303.92,305.0,436762.0,31411113.67,0.05,4168.94,34082.67,13241.15,28945.35,7846.2,15873.52
2023-04-30,308.71,306.13,304.54,305.98,376836.0,26352614.33,-0.03,4168.41,34067.19,13236.31,29034.27,7821.8,15824.66
2023-05-01,308.6,305.56,305.15,306.97,316910.0,21294115.0,-0.11,4167.87,34051.7,13231.47,29123.18,7797.4,15775.8
2023-05-02,309.18,305.41,303.91,307.76,393439.0,26404431.0,0.07,4119.58,33684.53,13113.66,29157.95,7773.0,15726.94
2023-05-03,308.61,304.4,304.09,306.62,352104.0,22360754.0,0.1,4090.75,33414.24,13030.21,29123.27,7788.4,15815.06
2023-05-04,307.76,305.41,303.4,306.24,311224.0,22519907.0,0.14,4061.22,33127.74,12982.48,29088.59,7702.6,15734.24
2023-05-05,311.97,310.65,304.27,305.72,381027.0,28197052.0,0.12,4136.25,33674.38,13259.13,29053.92,7778.4,15961.02
2023-05-06,311.38,309.98,304.88,307.19,365994.67,25904239.0,0.1,4136.87,33655.82,13269.97,29019.24,7774.83,15958.29
2023-05-07,310.79,309.32,305.48,308.66,350962.33,23611426.0,0.08,4137.5,33637.25,13280.8,28984.56,7771.25,15955.56
2023-05-08,310.2,308.65,306.09,310.13,335930.0,21318613.0,0.06,4138.12,33618.69,13291.64,28949.88,7767.68,15952.83
2023-05-09,310.04,307.0,306.31,308.0,299950.0,21340829.0,0.03,4119.17,33561.81,13201.11,29242.82,7764.1,15955.48
2023-05-11,311.12,310.11,306.26,310.1,381620.0,31680179.0,-0.04,4130.62,33309.51,13389.78,29126.72,7730.6,15834.91
2023-05-12,310.65,308.97,306.6,310.55,298802.0,19774696.0,0.04,4124.08,33300.62,13340.18,29388.3,7754.6,15913.82
2023-05-13,310.4,309.13,306.93,310.07,289195.67,18628646.33,0.1,4128.15,33316.61,13364.62,29467.65,7762.3,15914.96
2023-05-14,310.15,309.3,307.26,309.58,279589.33,17482596.67,0.16,4132.21,33332.61,13389.07,29546.99,7770.0,15916.1
2023-05-15,309.9,309.46,307.59,309.1,269983.0,16336547.0,0.22,4136.28,33348.6,13413.51,29626.34,7777.7,15917.24
2023-05-16,313.71,311.74,309.83,309.83,352427.0,26730347.0,0.06,4109.9,33012.14,13426.01,29842.99,7751.1,15897.93
2023-05-17,314.43,314.0,310.74,312.29,308657.0,24315012.0,0.16,4158.77,33420.77,13589.26,30093.59,7723.2,15951.3
2023-05-19,318.75,318.34,316.37,316.74,325654.0,27546701.0,-0.1,4191.98,33426.63,13803.49,30808.35,7756.9,16275.38
2023-05-20,320.03,319.29,316.92,317.36,331223.0,26403022.0,-0.06,4192.2,33379.95,13818.91,30901.17,7761.6,16258.25
2023-05-21,321.31,320.23,317.46,317.98,336792.0,25259343.0,-0.02,4192.41,33333.26,13834.32,30994.0,7766.3,16241.12
2023-05-22,322.59,321.18,318.01,318.6,342361.0,24115664.0,0.02,4192.63,33286.58,13849.74,31086.82,7771.0,16223.99
2023-05-23,322.72,315.26,315.25,320.03,430792.0,30797173.0,0.09,4145.58,33055.51,13672.54,30957.77,7763.0,16152.86
2023-05-24,316.5,313.85,312.61,314.73,353391.0,23384887.0,0.17,4115.24,32799.92,13604.48,30682.68,7627.1,15842.13
2023-05-25,326.9,325.92,320.0,323.24,549355.0,43301743.0,0.24,4151.28,32764.65,13938.53,30801.13,7570.9,15793.8
2023-05-26,333.4,332.89,323.88,324.02,509702.0,36630633.0,0.1,4205.45,33093.34,14298.41,30916.31,7627.2,15983.97
2023-05-27,333.98,332.47,325.54,326.82,512814.5,34848742.25,0.14,4205.47,33080.7,14312.56,31019.27,7600.92,15965.2
2023-05-28,334.57,332.05,327.2,329.62,515927.0,33066851.5,0.18,4205.49,33068.06,14326.7,31122.24,7574.65,15946.44
2023-05-29,335.16,331.63,328.86,332.43,519039.5,31284960.75,0.23,4205.5,33055.42,14340.84,31225.2,7548.38,15927.68
2023-05-30,335.74,331.21,330.52,335.23,522152.0,29503070.0,0.27,4205.52,33042.78,14354.99,31328.16,7522.1,15908.91
2023-05-31,335.94,328.39,327.33,332.29,494039.0,45950553.0,0.22,4179.83,32908.27,14254.09,30887.88,7446.1,15664.02
2023-06-01,333.53,332.58,324.72,325.93,412274.0,26773851.0,0.16,4221.02,33061.57,14441.51,31148.01,7490.3,15853.66
2023-06-02,337.5,335.4,332.55,334.25,392403.0,25873769.0,-0.04,4282.37,33762.76,14546.64,31524.22,7607.3,16051.23
2023-06-03,337.85,335.58,333.25,334.57,386480.33,24351530.33,-0.01,4279.51,33696.13,14549.93,31755.29,7604.87,16022.12
2023-06-04,338.21,335.76,333.96,334.9,380557.67,22829291.67,0.01,4276.65,33629.49,14553.21,31986.36,7602.43,15993.0
2023-06-05,338.56,335.94,334.66,335.22,374635.0,21307053.0,0.04,4273.79,33562.86,14556.5,32217.43,7600.0,15963.89
2023-06-06,335.37,333.68,332.17,335.33,339188.0,20396223.0,0.06,4283.85,33573.28,14558.09,32506.78,7628.1,15992.44
2023-06-07,334.49,323.38,322.5,331.65,615253.0,40717129.0,0.08,4267.52,33665.02,14303.29,31913.74,7624.3,15960.56
2023-06-08,326.64,325.26,323.35,323.94,373421.0,23277708.0,0.02,4293.93,33833.61,14484.54,31641.27,7599.7,15989.96
2023-06-09,329.99,326.79,324.41,324.99,367279.0,22528950.0,0.02,4298.86,33876.78,14528.36,32265.17,7562.4,15949.84
2023-06-10,330.69,328.48,324.66,326.19,375012.33,23121551.0,0.02,4312.22,33939.96,14613.67,32321.45,7565.17,15999.18
2023-06-11,331.4,330.16,324.91,327.38,382745.67,23714152.0,0.02,4325.57,34003.15,14698.99,32377.72,7567.93,16048.53
2023-06-12,332.1,331.85,325.16,328.58,390479.0,24306753.0,0.02,4338.93,34066.33,14784.3,32434.0,7570.7,16097.87
2023-06-13,336.98,334.29,330.39,334.46,356041.0,22951279.0,0.01,4369.01,34212.12,14900.85,33018.65,7594.8,16230.68
2023-06-14,339.04,337.34,332.81,334.34,456396.0,26003791.0,0.03,4372.59,33979.33,15005.69,33502.42,7602.7,16310.79
2023-06-15,349.84,348.1,337.2,337.48,594419.0,38899075.0,0.03,4425.84,34408.06,15185.48,33485.49,7628.3,16290.12
2023-06-16,351.47,342.33,341.95,351.32,481103.0,46551985.0,0.02,4409.59,34299.12,15083.92,33706.08,7642.7,16357.63
2023-06-17,349.12,341.26,340.43,348.32,466301.0,41507840.5,0.01,4404.37,34237.81,15080.48,33626.79,7624.35,16296.05
2023-06-19,344.43,339.12,337.38,342.31,436697.0,31419551.5,-0.01,4393.93,34115.18,15073.59,33468.2,7587.65,16172.9
2023-06-20,342.08,338.05,335.86,339.31,421895.0,26375407.0,-0.02,4388.71,34053.87,15070.15,33388.91,7569.3,16111.32
2023-06-21,337.73,333.56,332.07,336.37,386737.0,25117799.0,0.13,4365.69,33951.52,14867.45,33575.14,7559.2,16023.13
2023-06-22,340.12,339.71,333.34,334.12,374340.0,23556764.0,-0.07,4381.89,33946.71,15042.32,33264.88,7502.0,15988.16
2023-06-23,337.96,335.02,333.45,334.36,351843.0,23146901.0,-0.27,4348.33,33727.43,14891.48,32781.54,7461.9,15829.94
2023-06-24,337.34,332.88,331.8,334.15,365179.33,22604794.67,-0.09,4341.83,33723.19,14823.99,32753.96,7459.13,15824.31
2023-06-25,336.73,330.74,330.14,333.93,378515.67,22062688.33,0.09,4335.32,33718.95,14756.51,32726.39,7456.37,15818.69
2023-06-26,336.11,328.6,328.49,333.72,391852.0,21520582.0,0.27,4328.82,33714.71,14689.02,32698.81,7453.6,15813.06
2023-06-27,336.15,334.57,329.3,331.86,345545.0,24354110.0,0.35,4378.41,33926.74,14945.91,32538.33,7461.5,15846.86
2023-06-28,337.98,335.85,333.81,334.66,327478.0,20259523.0,0.39,4376.86,33852.66,14964.57,33193.99,7500.5,15949.0
2023-06-29,336.11,335.05,332.62,334.71,276397.0,16997042.0,0.19,4396.44,34122.42,14939.95,33234.14,7471.7,15946.72
2023-06-30,342.73,340.54,337.2,337.75,364616.0,26832756.0,0.21,4450.38,34407.6,15179.21,33189.04,7531.5,16147.9
2023-07-01,342.12,339.69,336.99,338.23,327255.67,22058068.0,0.23,4452.12,34411.22,15189.04,33377.14,7530.1,16125.61
2023-07-02,341.51,338.84,336.78,338.71,289895.33,17283380.0,0.25,4453.85,34414.85,15198.86,33565.23,7528.7,16103.33
2023-07-03,340.9,337.99,336.57,339.19,252535.0,12508692.0,0.27,4455.59,34418.47,15208.69,33753.33,7527.3,16081.04
2023-07-04,341.28,338.07,335.65,337.14,299640.0,15340535.0,0.29,4451.2,34353.56,15206.24,33546.02,7484.7,16009.31
2023-07-05,341.65,338.15,334.73,335.09,346745.0,18172378.0,0.31,4446.82,34288.64,15203.78,33338.7,7442.1,15937.58
2023-07-06,342.99,341.27,335.5,337.3,453686.0,28195534.0,0.25,4411.59,33922.26,15089.45,32773.02,7280.5,15528.54
2023-07-08,339.6,335.42,333.86,337.75,408405.0,25073699.0,0.04,4402.48,33804.72,15039.78,32322.19,7262.53,15626.65
2023-07-09,337.42,333.63,330.73,336.17,479948.0,28932574.0,0.08,4406.0,33874.56,15042.71,32255.96,7268.17,15649.91
2023-07-10,335.23,331.83,327.59,334.6,551491.0,32791449.0,0.12,4409.53,33944.4,15045.64,32189.73,7273.8,15673.16
2023-07-11,332.86,332.47,327.0,331.06,428341.0,26698218.0,0.16,4439.26,34261.42,15119.06,32203.57,7282.5,15790.34
2023-07-12,341.65,337.2,335.67,336.6,443122.0,29995262.0,0.12,4472.16,34347.43,15307.23,31943.93,7416.1,16023.0
2023-07-13,343.74,342.66,339.02,339.56,352822.0,20567159.0,0.07,4510.04,34395.14,15571.98,32419.33,7440.2,16141.03
2023-07-14,351.43,345.24,344.31,347.59,474706.0,28352729.0,0.02,4505.42,34509.03,15565.6,32391.26,7434.6,16105.07
2023-07-15,349.95,345.4,343.61,346.95,434655.33,25689795.0,0.09,4511.21,34534.47,15614.83,32416.92,7425.2,16092.93
2023-07-16,348.47,345.57,342.9,346.32,394604.67,23026861.0,0.16,4517.0,34559.91,15664.05,32442.57,7415.8,16080.79
2023-07-17,346.99,345.73,342.2,345.68,354554.0,20363927.0,0.23,4522.79,34585.35,15713.28,32468.23,7406.4,16068.65
2023-07-18,366.78,359.49,342.17,345.83,903521.0,64872705.0,0.3,4554.98,34951.93,15841.35,32493.89,7453.7,16125.49
2023-07-19,362.46,355.08,352.44,361.75,627575.0,39732901.0,0.27,4565.72,35061.21,15826.35,32896.03,7588.2,16108.93
2023-07-20,357.97,346.87,345.37,353.57,537721.0,33778395.0,0.24,4534.87,35225.18,15466.09,32490.52,7646.1,16204.22
2023-07-22,349.17,344.22,340.66,348.05,484978.0,55176657.0,0.1,4542.44,35288.87,15433.12,32436.48,7668.67,16181.8
2023-07-23,348.05,344.66,341.48,346.95,436107.0,40947932.0,0.21,4548.54,35350.06,15440.57,32568.71,7673.63,16186.37
2023-07-24,346.92,345.11,342.31,345.85,387236.0,26719207.0,0.31,4554.64,35411.24,15448.02,32700.94,7678.6,16190.95
2023-07-25,351.89,350.98,345.07,347.11,622410.0,41637739.0,0.26,4567.46,35438.07,15561.42,32682.51,7691.8,16211.59
2023-07-26,344.67,337.77,333.11,341.44,990567.0,58383702.0,0.22,4566.75,35520.12,15499.26,32668.34,7676.9,16131.46
2023-07-27,341.33,330.72,329.05,340.48,745456.0,39635262.0,0.15,4537.41,35282.72,15464.93,32891.16,7692.8,16406.03
2023-07-28,340.01,338.37,333.17,333.67,447436.0,28484868.0,0.08,4582.23,35459.29,15750.93,32759.23,7694.3,16469.75
2023-07-29,339.24,337.55,333.23,334.75,452272.33,27471919.33,0.09,4584.47,35492.7,15752.95,32896.89,7696.0,16462.11
2023-07-30,338.47,336.74,333.3,335.84,457108.67,26458970.67,0.1,4586.72,35526.12,15754.98,33034.56,7697.7,16454.47
2023-07-31,337.7,335.92,333.36,336.92,461945.0,25446022.0,0.11,4588.96,35559.53,15757.0,33172.22,7699.4,16446.83
2023-08-01,338.54,336.34,333.7,335.19,332085.0,18381253.0,0.11,4576.73,35630.68,15718.01,33476.58,7666.3,16240.4
2023-08-02,333.63,327.5,326.36,333.63,521034.0,27761257.0,0.12,4513.39,35282.52,15370.74,32707.69,7561.6,16020.02
2023-08-03,329.88,326.66,325.95,326.0,323370.0,18360352.0,0.13,4501.89,35215.89,15353.54,32159.28,7529.2,15893.38
2023-08-04,335.14,327.78,327.24,331.88,430655.0,23741484.0,0.21,4478.03,35065.62,15274.92,32192.75,7564.4,15951.86
2023-08-05,333.8,328.56,327.33,330.71,389463.33,21741498.0,0.19,4491.5,35201.46,15319.23,32213.35,7561.1,15951.49
2023-08-06,332.45,329.33,327.43,329.54,348271.67,19741512.0,0.16,4504.97,35337.29,15363.54,32233.96,7557.8,15951.13
2023-08-07,331.11,330.11,327.52,328.37,307080.0,17741526.0,0.14,4518.44,35473.13,15407.85,32254.56,7554.5,15950.76
2023-08-08,328.75,326.05,323.0,326.96,389127.0,22327574.0,0.11,4499.38,35314.49,15273.05,32377.29,7527.4,15774.93
2023-08-09,327.11,322.23,321.05,326.47,352450.0,22373268.0,0.23,4467.71,35123.36,15101.71,32204.33,7587.3,15852.58
2023-08-10,328.26,322.93,321.18,326.02,295452.0,20113725.0,0.3,4468.83,35176.15,15128.84,32473.65,7618.6,15996.52
2023-08-11,322.41,321.01,319.21,320.26,355599.0,24355491.0,-0.03,4464.05,35281.4,15028.07,32370.22,7524.2,15832.17
2023-08-12,322.96,322.02,319.5,320.64,337838.0,22515707.0,0.01,4472.61,35290.14,15087.24,32266.78,7518.53,15856.2
2023-08-13,323.51,323.03,319.79,321.01,320077.0,20675923.0,0.04,4481.16,35298.89,15146.42,32163.35,7512.87,15880.22
2023-08-14,324.06,324.04,320.08,321.39,302316.0,18836139.0,0.08,4489.72,35307.63,15205.59,32059.91,7507.2,15904.25
2023-08-15,325.09,321.86,320.9,323.0,294673.0,16966285.0,0.03,4437.86,34946.39,15037.65,32238.89,7389.6,15767.28
2023-08-16,324.42,320.4,319.8,320.8,299352.0,20698864.0,0.08,4404.33,34765.74,14876.47,31766.82,7356.9,15789.45
2023-08-17,321.87,316.88,316.21,320.54,342111.0,21257161.0,0.11,4370.36,34474.83,14715.81,31626.0,7310.2,15676.9
2023-08-18,318.38,316.48,311.55,314.49,404547.0,24755012.0,0.14,4369.71,34500.66,14694.84,31450.76,7262.4,15574.26
2023-08-19,319.84,318.28,313.38,315.64,389074.0,24516660.0,0.19,4379.73,34488.34,14775.46,31489.05,7260.87,15583.93
2023-08-20,321.31,320.08,315.21,316.78,373601.0,24278308.0,0.24,4389.75,34476.01,14856.07,31527.35,7259.33,15593.61
2023-08-21,322.77,321.88,317.04,317.93,358128.0,24039956.0,0.29,4399.77,34463.69,14936.69,31565.64,7257.8,15603.28
2023-08-22,326.08,322.46,321.46,325.5,294428.0,16102024.0,0.24,4387.55,34288.83,14908.96,31856.71,7270.8,15705.62
2023-08-23,329.2,327.0,323.46,323.82,289590.0,21166382.0,0.19,4436.01,34472.98,15148.06,32010.26,7320.5,15728.41
2023-08-24,332.98,319.97,319.96,332.85,338015.0,23281434.0,0.14,4376.31,34099.42,14816.44,32287.21,7333.6,15621.49
2023-08-25,325.36,322.98,318.8,321.47,318092.0,21684104.0,0.15,4405.71,34346.9,14941.83,31624.28,7338.6,15631.82
2023-08-26,325.62,323.22,319.77,322.87,294796.0,19392230.0,0.16,4414.91,34417.93,14978.71,31806.18,7370.2,15685.42
2023-08-27,325.89,323.46,320.75,324.26,271500.0,17100356.0,0.18,4424.11,34488.95,15015.58,31988.09,7401.8,15739.01
2023-08-28,326.15,323.7,321.72,325.66,248204.0,14808482.0,0.19,4433.31,34559.98,15052.46,32169.99,7433.4,15792.61
2023-08-29,328.98,328.41,321.88,321.88,299190.0,19284590.0,0.2,4497.63,34852.67,15376.55,32226.97,7465.0,15930.88
2023-08-30,329.81,328.79,326.44,328.67,251172.0,15222110.0,0.13,4514.87,34890.24,15462.43,32333.46,7473.7,15891.93
2023-08-31,330.91,327.76,326.78,329.2,271739.0,26410954.0,0.06,4507.66,34721.91,15501.07,32619.34,7439.1,15947.08
2023-09-01,331.99,328.66,326.78,331.31,298315.0,14942024.0,0.06,4515.77,34837.71,15490.86,32710.62,7464.5,15840.34
2023-09-02,332.71,329.88,327.25,330.73,300426.25,15844982.75,0.12,4511.04,34788.78,15495.2,32792.16,7457.85,15823.18
2023-09-03,333.42,331.1,327.72,330.16,302537.5,16747941.5,0.19,4506.3,34739.84,15499.55,32873.69,7451.2,15806.02
2023-09-04,334.14,332.33,328.19,329.58,304648.75,17650900.25,0.26,4501.57,34690.9,15503.9,32955.22,7444.55,15788.87
2023-09-05,334.85,333.55,328.66,329.0,306760.0,18553859.0,0.32,4496.83,34641.97,15508.24,33036.76,7437.9,15771.71
2023-09-06,334.46,332.88,330.18,333.38,277719.0,17535773.0,0.01,4465.48,34443.19,15371.44,33241.02,7426.1,15741.37
2023-09-08,336.16,334.27,329.46,330.09,307635.0,19548165.0,-0.01,4457.49,34576.59,15280.23,32606.84,7478.2,15740.3
2023-09-09,336.91,335.49,331.45,332.47,297716.67,18559884.67,0.04,4467.48,34605.63,15340.78,32560.48,7484.43,15760.53
2023-09-10,337.67,336.72,333.44,334.86,287798.33,17571604.33,0.1,4477.47,34634.68,15401.32,32514.12,7490.67,15780.76
2023-09-11,338.42,337.94,335.43,337.24,277880.0,16583324.0,0.15,4487.46,34663.72,15461.87,32467.76,7496.9,15800.99
2023-09-12,336.79,331.77,331.48,335.82,284514.0,17565482.0,-0.04,4461.9,34645.99,15289.74,32776.37,7527.5,15715.53
2023-09-13,336.85,336.06,331.17,331.31,257199.0,16544412.0,0.15,4467.44,34575.53,15348.53,32706.52,7526.0,15654.03
2023-09-14,340.86,338.7,336.57,339.15,310338.0,20267048.0,0.08,4505.1,34907.11,15473.89,33168.1,7673.1,15805.29
2023-09-15,337.4,330.22,329.65,336.92,373236.0,37679792.0,0.01,4450.32,34618.24,15202.4,33533.09,7711.4,15893.53
2023-09-16,335.07,329.83,328.55,333.88,351983.0,30731264.0,0.07,4451.39,34620.26,15210.06,33460.46,7691.9,15838.06
2023-09-17,332.73,329.45,327.46,330.84,330730.0,23782736.0,0.14,4452.46,34622.28,15217.71,33387.84,7672.4,15782.59
2023-09-18,330.4,329.06,326.36,327.8,309477.0,16834208.0,0.2,4453.53,34624.3,15225.37,33315.21,7652.9,15727.12
2023-09-19,329.39,328.65,324.51,326.17,275795.0,16514487.0,0.26,4443.95,34517.73,15191.23,33242.59,7660.2,15664.48
2023-09-20,329.59,320.77,320.51,329.51,351306.0,21436525.0,0.03,4402.2,34440.88,14969.92,33023.78,7731.7,15781.59
2023-09-21,325.35,319.53,315.0,319.26,526012.0,35560362.0,0.06,4330.0,34070.42,14694.24,32571.03,7678.6,15571.86
2023-09-22,321.45,317.01,316.15,321.32,341057.0,21447887.0,0.01,4320.06,33963.84,14701.1,32402.41,7683.9,15557.29
2023-09-23,320.19,317.19,315.77,319.74,324412.67,20243912.67,0.01,4325.85,33978.19,14723.7,32494.48,7663.93,15506.69
2023-09-24,318.93,317.36,315.38,318.17,307768.33,19039938.33,0.01,4331.65,33992.53,14746.3,32586.55,7643.97,15456.09
2023-09-25,317.67,317.54,315.0,316.59,291124.0,17835964.0,0.01,4337.44,34006.88,14768.9,32678.62,7624.0,15405.49
2023-09-26,315.88,312.14,310.02,315.13,408375.0,26297573.0,0.04,4273.53,33618.88,14545.83,32315.05,7625.7,15255.87
2023-09-27,314.3,312.79,309.69,312.3,335795.0,19410082.0,0.14,4274.51,33550.27,14580.16,32371.9,7593.2,15217.45
2023-09-28,315.48,313.64,309.45,310.99,338063.0,19683564.0,0.22,4299.7,33666.34,14702.77,31872.52,7601.9,15323.5
2023-09-29,319.47,315.75,314.98,317.75,371549.0,24147298.0,0.16,4288.05,33507.5,14715.24,31857.62,7608.1,15386.58
2023-09-30,320.28,317.77,315.05,317.26,365843.33,22954867.33,0.17,4288.16,33482.78,14756.02,31825.04,7575.63,15340.12
2023-10-01,321.08,319.78,315.11,316.77,360137.67,21762436.67,0.18,4288.28,33458.07,14796.79,31792.46,7543.17,15293.67
2023-10-02,321.89,321.8,315.18,316.28,354432.0,20570006.0,0.19,4288.39,33433.35,14837.57,31759.88,7510.7,15247.21
2023-10-03,321.39,313.39,311.21,320.83,354263.0,21033492.0,0.06,4229.45,33002.38,14565.62,31237.94,7470.2,15085.21
2023-10-04,320.04,318.96,314.0,314.03,340624.0,20720144.0,0.03,4263.75,33129.55,14776.25,30526.88,7412.5,15099.92
2023-10-05,319.98,319.36,314.9,319.09,292278.0,16965629.0,0.03,4258.19,33119.57,14723.22,31075.36,7451.5,15070.22
2023-10-06,329.19,327.26,316.3,316.55,374485.0,25673630.0,0.02,4308.5,33407.58,14973.24,30994.67,7494.6,15229.77
2023-10-07,329.56,328.11,318.59,319.28,352972.67,23746146.67,0.02,4317.55,33473.27,14997.88,31182.63,7493.8,15195.88
2023-10-08,329.93,328.97,320.89,322.02,331460.33,21818663.33,0.03,4326.61,33538.96,15022.51,31370.6,7493.0,15162.0
2023-10-09,330.3,329.82,323.18,324.75,309948.0,19891180.0,0.03,4335.66,33604.65,15047.15,31558.56,7492.2,15128.11
2023-10-10,331.1,328.39,327.67,330.96,314761.0,20557094.0,0.01,4358.24,33739.3,15131.52,31746.53,7628.2,15423.52
2023-10-11,332.82,332.42,329.14,331.21,280438.0,20063246.0,-0.01,4376.95,33804.87,15241.12,31936.51,7620.0,15460.01
2023-10-12,333.63,331.16,328.72,330.56,334254.0,19313098.0,0.1,4349.61,33631.14,15184.1,32494.66,7644.8,15425.03
2023-10-13,333.83,327.73,326.36,332.38,397253.0,21085695.0,0.12,4327.78,33670.29,14995.12,32315.99,7599.6,15186.66
2023-10-14,334.6,329.37,327.77,331.94,385082.0,21443146.0,0.14,4343.06,33775.04,15054.32,32097.0,7609.93,15203.77
2023-10-15,335.37,331.0,329.19,331.49,372911.0,21800597.0,0.17,4358.35,33879.79,15113.53,31878.02,7620.27,15220.88
2023-10-16,336.14,332.64,330.6,331.05,360740.0,22158048.0,0.19,4373.63,33984.54,15172.73,31659.03,7630.6,15237.99
2023-10-17,333.46,332.06,327.41,329.59,293599.0,18338523.0,0.14,4373.2,33997.65,15122.01,32040.29,7675.2,15251.69
2023-10-18,335.59,330.11,328.3,332.49,333824.0,23153602.0,0.09,4314.6,33665.08,14909.26,32042.25,7588.0,15094.91
2023-10-19,336.88,331.32,330.91,332.15,366502.0,25052071.0,0.15,4278.0,33414.17,14783.13,31430.62,7499.5,15045.23
2023-10-20,331.92,326.67,325.45,331.72,322791.0,25027715.0,0.21,4224.16,33127.28,14560.88,31259.36,7402.1,14798.47
2023-10-21,332.19,327.55,325.1,329.64,332876.67,24810059.33,0.21,4221.79,33063.66,14575.54,31172.76,7393.0,14799.22
2023-10-22,332.45,328.44,324.74,327.55,342962.33,24592403.67,0.21,4219.41,33000.03,14590.19,31086.15,7383.9,14799.97
2023-10-23,332.72,329.32,324.39,325.47,353048.0,24374748.0,0.21,4217.04,32936.41,14604.85,30999.55,7374.8,14800.72
2023-10-24,331.84,330.53,327.6,331.3,480549.0,31153571.0,0.21,4247.68,33141.38,14745.86,31062.35,7389.7,14879.94
2023-10-25,346.2,340.67,337.62,345.02,729751.0,55053828.0,0.21,4186.77,33035.93,14381.64,31269.92,7414.3,14892.18
2023-10-26,341.63,327.89,326.94,340.54,534330.0,37828543.0,0.21,4137.23,32784.3,14109.57,30601.78,7354.6,14731.05
2023-10-27,336.72,329.81,328.4,330.42,430132.0,29856522.0,-0.02,4117.37,32417.59,14180.42,30991.69,7291.3,14687.41
2023-10-28,337.63,332.31,329.54,331.42,405400.67,27513708.67,0.08,4133.85,32588.05,14232.12,30893.45,7303.33,14697.12
2023-10-29,338.54,334.81,330.69,332.41,380669.33,25170895.33,0.19,4150.34,32758.5,14283.81,30795.2,7315.37,14706.83
2023-10-30,339.45,337.31,331.83,333.41,355938.0,22828082.0,0.29,4166.82,32928.96,14335.51,30696.96,7327.4,14716.54
2023-10-31,339.0,338.11,334.69,338.85,307402.0,20265282.0,0.23,4193.8,33052.87,14409.78,30858.85,7321.7,14810.34
2023-11-01,347.42,346.07,339.65,339.79,425441.0,28158819.0,0.16,4237.86,33274.58,14664.91,31601.65,7342.4,14923.27
2023-11-02,348.83,348.32,344.77,347.24,374637.0,24348072.0,0.22,4317.78,33839.08,14919.55,31949.89,7446.5,15143.6
2023-11-03,354.39,352.8,347.33,349.63,390976.0,23637673.0,0.06,4358.34,34061.32,15099.49,32139.54,7417.7,15189.25
2023-11-04,355.44,354.04,349.34,350.9,386605.67,23701215.67,0.06,4360.89,34072.83,15117.97,32329.19,7417.73,15171.49
2023-11-05,356.49,355.29,351.34,352.18,382235.33,23764758.33,0.06,4363.43,34084.35,15136.45,32518.83,7417.77,15153.73
2023-11-06,357.54,356.53,353.35,353.45,377865.0,23828301.0,0.06,4365.98,34095.86,15154.93,32708.48,7417.8,15135.97
2023-11-07,362.46,360.53,357.63,359.4,373390.0,25833931.0,0.28,4378.38,34152.6,15296.02,32271.82,7410.0,15152.64
2023-11-08,363.87,363.2,360.55,361.68,316041.0,26767828.0,0.35,4382.78,34112.27,15313.24,32166.48,7401.7,15229.6
2023-11-09,364.79,360.69,360.36,362.3,338377.0,24847331.0,0.02,4347.35,33891.94,15187.9,32646.46,7455.7,15352.54
2023-11-10,370.1,369.67,361.07,361.49,382844.0,28065164.0,0.17,4415.24,34283.1,15529.12,32568.11,7360.6,15234.39
2023-11-11,369.56,368.67,362.68,363.73,368765.33,25372278.0,0.2,4414.01,34301.36,15513.68,32573.78,7382.33,15271.26
2023-11-12,369.01,367.68,364.29,365.98,354686.67,22679392.0,0.22,4412.78,34319.61,15498.23,32579.44,7404.07,15308.13
2023-11-13,368.47,366.68,365.9,368.22,340608.0,19986506.0,0.25,4411.55,34337.87,15482.79,32585.11,7425.8,15345.0
2023-11-14,371.95,370.27,367.35,371.01,409291.0,27683862.0,0.28,4495.7,34827.7,15812.47,32695.93,7440.5,15614.43
2023-11-15,373.13,369.67,367.11,371.28,399874.0,26860095.0,0.27,4502.88,34991.21,15817.18,33519.7,7486.9,15748.17
2023-11-16,376.35,376.17,370.18,370.96,405563.0,27182315.0,0.26,4508.24,34945.47,15833.17,33424.41,7411.0,15786.61
2023-11-17,374.37,369.85,367.0,373.61,560742.0,40325371.0,0.16,4514.02,34947.28,15837.99,33585.2,7504.3,15919.16
2023-11-18,375.87,372.38,368.33,372.81,631076.0,44393235.33,0.16,4525.14,35015.2,15901.01,33519.48,7501.67,15913.22
2023-11-19,377.37,374.91,369.67,372.02,701410.0,48461099.67,0.17,4536.26,35083.12,15964.04,33453.75,7499.03,15907.27
2023-11-20,378.87,377.44,371.0,371.22,771744.0,52528964.0,0.17,4547.38,35151.04,16027.06,33388.03,7496.4,15901.33
2023-11-21,376.22,373.07,371.12,375.67,460035.0,28423145.0,0.17,4538.19,35088.29,15933.62,33354.14,7482.0,15900.53
2023-11-22,379.79,377.85,374.96,378.0,405033.0,23361184.0,0.19,4556.62,35273.03,16001.39,33451.83,7469.5,15957.82
2023-11-23,378.88,377.64,375.05,377.66,303468.0,16768916.5,0.12,4557.98,35331.59,15991.7,33538.68,7478.85,15993.66
2023-11-24,377.97,377.43,375.14,377.33,201903.0,10176649.0,0.04,4559.34,35390.15,15982.01,33625.53,7488.2,16029.49
2023-11-25,378.86,377.82,375.49,377.15,252195.0,14177508.67,0.07,4556.37,35371.26,15975.33,33566.24,7479.03,16008.45
2023-11-26,379.75,378.22,375.85,376.96,302487.0,18178368.33,0.11,4553.4,35352.36,15968.66,33506.96,7469.87,15987.41
2023-11-27,380.64,378.61,376.2,376.78,352779.0,22179228.0,0.14,4550.43,35333.47,15961.98,33447.67,7460.7,15966.37
2023-11-28,383.0,382.7,378.16,378.35,358981.0,20453112.0,0.18,4554.89,35416.98,16010.43,33408.39,7455.2,15992.67
2023-11-29,384.3,378.85,377.44,383.76,405555.0,28963399.0,0.05,4550.58,35430.42,15987.6,33321.22,7423.5,16166.45
2023-11-30,380.09,378.91,375.47,378.49,364028.0,30554415.0,-0.02,4567.8,35950.89,15947.87,33486.89,7453.8,16215.43
2023-12-01,378.16,374.51,371.31,376.76,516940.0,33040472.0,-0.08,4594.63,36245.5,15997.58,33431.51,7529.4,16397.52
2023-12-02,375.28,372.72,368.51,374.21,512693.0,32714749.67,-0.04,4586.35,36231.81,15944.94,33364.76,7523.93,16399.93
2023-12-04,369.52,369.14,362.9,369.1,504199.0,32063305.0,0.04,4569.78,36204.44,15839.67,33231.27,7513.0,16404.76
2023-12-05,373.08,372.52,365.62,366.45,373675.0,23065035.0,0.08,4567.18,36124.56,15877.71,32775.82,7489.8,16533.11
2023-12-06,374.18,368.8,368.03,373.54,326373.0,21182072.0,0.12,4549.34,36054.43,15788.05,33445.9,7515.4,16656.44
2023-12-07,371.45,370.95,366.32,368.23,324953.0,23118864.0,0.03,4585.59,36117.38,16022.49,32858.31,7513.7,16628.99
2023-12-08,374.46,374.23,368.23,369.2,297367.0,20154366.0,0.01,4604.37,36247.87,16084.69,32307.86,7554.5,16759.22
2023-12-10,372.55,372.28,366.81,368.72,375441.67,25190626.67,-0.02,4616.42,36352.58,16176.05,32630.49,7548.1,16782.69
2023-12-11,371.6,371.3,366.1,368.48,414479.0,27708757.0,-0.03,4622.44,36404.93,16221.73,32791.8,7544.9,16794.43
2023-12-12,374.42,374.38,370.46,370.85,341948.0,24838253.0,0.08,4643.7,36577.94,16354.25,32843.7,7542.8,16791.74
2023-12-13,377.64,374.37,370.77,376.02,397695.0,30955531.0,0.2,4707.09,37090.24,16562.37,32926.35,7548.4,16766.05
2023-12-14,373.76,365.93,364.13,373.31,625497.0,43277461.0,0.12,4719.55,37248.35,16537.83,32686.25,7649.0,16752.23
2023-12-15,372.4,370.73,366.28,366.85,447189.0,78502324.0,0.05,4719.19,37305.16,16623.45,32970.55,7576.4,16751.44
2023-12-16,372.6,371.37,367.08,367.72,410867.67,59602508.67,0.09,4726.31,37305.45,16658.9,32900.03,7589.1,16717.81
2023-12-17,372.8,372.01,367.88,368.58,374546.33,40702693.33,0.13,4733.44,37305.73,16694.35,32829.5,7601.8,16684.18
2023-12-18,373.0,372.65,368.68,369.45,338225.0,21802878.0,0.17,4740.56,37306.02,16729.8,32758.98,7614.5,16650.55
2023-12-19,373.26,373.26,369.84,371.49,306095.0,20603658.0,0.22,4768.37,37557.92,16811.85,33219.39,7638.0,16744.41
2023-12-20,376.03,370.62,370.53,375.0,396011.0,26316650.0,0.14,4698.35,37082.0,16554.16,33675.94,7715.7,16733.05
2023-12-21,374.41,373.54,370.04,372.56,289268.0,17708006.0,0.15,4746.75,37404.35,16757.41,33140.47,7694.7,16687.42
2023-12-22,375.18,374.58,372.71,373.68,282281.0,17107484.0,0.24,4754.63,37385.97,16777.4,33169.05,7697.5,16706.18
2023-12-23,375.62,374.6,372.91,374.01,277877.25,15998875.5,0.18,4759.66,37425.81,16802.66,33203.25,7703.0,16713.36
2023-12-24,376.06,374.62,373.1,374.34,273473.5,14890267.0,0.12,4764.69,37465.65,16827.93,33237.45,7708.5,16720.54
2023-12-25,376.5,374.64,373.3,374.67,269069.75,13781658.5,0.06,4769.72,37505.49,16853.2,33271.65,7714.0,16727.71
2023-12-27,375.06,374.07,372.81,373.69,266403.0,14905412.0,-0.06,4781.58,37656.52,16906.8,33681.24,7725.0,16742.07
2023-12-28,376.46,375.28,374.16,375.37,278146.0,14327013.0,0.11,4783.35,37710.1,16898.47,33539.62,7722.7,16701.55
2023-12-29,377.16,376.04,373.48,376.0,296401.0,18730838.0,0.11,4769.83,37689.54,16825.93,33464.17,7733.2,16751.64
2023-12-30,377.16,376.04,373.48,376.0,296401.0,18730838.0,0.11,4769.83,37689.54,16825.93,33464.17,7733.2,16751.64
2023-12-31,377.16,376.04,373.48,376.0,296401.0,18730838.0,0.11,4769.83,37689.54,16825.93,33464.17,7733.2,16751.64
